"collection_method","mean_library_nuclei_yield","sd_library_nuclei_yield"
"derived_organoid",2564.5,222.738636073762
"autopsy",1858.10416666667,1340.33513179137
"resection",2383.6875,1422.92767296866
"biopsy",629.25,724.914132846091
