sample	intercept	del.mh.prop	SNV3	SV3	SV5	hrd	SNV8	Probability
BPA-2-RSX__BPA-2_normal	-3.364	2.8112020666792	2.09975626904957	-0.876753168376584	-1.10515509103169	0.456272645513566	0.0873823568297627	0.527149539886225
