sample	intercept	del.mh.prop	SNV3	SV3	SV5	hrd	SNV8	Probability
BPA-2-IR__BPA-2_normal	-3.364	3.96487792165047	2.85332085491084	-0.876753168376584	-1.10515509103169	0.666501065472021	0.0846712942315169	0.902336787562447
