sample	intercept	del.mh.prop	SNV3	SV3	SV5	hrd	SNV8	Probability
M04-3__RSX435_normal	-3.364	5.67297442122663	2.81466299050546	-0.876753168376584	1.27893320446505	0.618417283355656	0.0984034844664683	0.998059056425009
