sample	intercept	del.mh.prop	SNV3	SV3	SV5	hrd	SNV8	Probability
M13-1__M13_normal	-3.364	1.12453446931882	2.89826327296448	-0.876753168376584	1.66132886943914	0.755508621282031	0.0988477429568734	0.908688848028745
