sample	intercept	del.mh.prop	SNV3	SV3	SV5	hrd	SNV8	Probability
BPA-1-IR__BPA-1_normal	-3.364	3.65420721451232	2.73622822313008	-0.876753168376584	1.16842977041047	0.567584400647328	0.0841979810721162	0.981474255446945
