sample	intercept	del.mh.prop	SNV3	SV3	SV5	hrd	SNV8	Probability
BPA-1-RSX__BPA-1_normal	-3.364	5.88610527930377	2.49898564919315	-0.876753168376584	0.770922256678888	0.394914985137837	0.084360445679783	0.995479200844662
