sample	intercept	del.mh.prop	SNV3	SV3	SV5	hrd	SNV8	Probability
RSX425_tumor__RSX425_normal	-3.364	5.8600590283022	2.53252323020785	-0.876753168376584	0.792826021375604	0.180441529275351	0.0649144504003585	0.994458929524907
