sample	intercept	del.mh.prop	SNV3	SV3	SV5	hrd	SNV8	Probability
RSX476_tumor__RSX476_normal	-3.364	4.27896707411686	2.77981600579487	-0.876753168376584	0.823470495815672	-0.102769988932733	0.0981236076850606	0.974340676698294
