sample	intercept	del.mh.prop	SNV3	SV3	SV5	hrd	SNV8	Probability
RSX435_normal__HZ_blood	-3.364	-0.899981148918451	2.79749080250984	1.80261538247965	0.864557698391577	-0.221523907440141	-0.125665303554577	0.701299474868427
