sample	intercept	del.mh.prop	SNV3	SV3	SV5	hrd	SNV8	Probability
RSX582_tumor__RSX582_normal	-3.364	-1.80430307875208	-0.949832911392405	-0.876753168376584	-1.10515509103169	-0.221523907440141	0.0467725338877368	0.000254795205598279
