sample	intercept	del.mh.prop	SNV3	SV3	SV5	hrd	SNV8	Probability
RSX640_tumor__RSX640_normal_blood	-3.364	5.23168458825698	3.10135963924255	-0.876753168376584	1.72334076592881	0.0956790093693716	0.139885005520928	0.997650489135456
