sample	intercept	del.mh.prop	SNV3	SV3	SV5	hrd	SNV8	Probability
RSX640_normal__RSX640_normal_blood	-3.364	-1.94019489325438	-0.949832911392405	-0.876753168376584	-1.10515509103169	-1.95208666666667	-0.125665303554577	3.3174760084553e-05
