sample	intercept	del.mh.prop	SNV3	SV3	SV5	hrd	SNV8	Probability
RSX640_tumor__RSX640_normal	-3.364	5.25405310043834	3.09966697016852	-0.876753168376584	1.66895881851926	0.329008295235794	0.139771446744035	0.998074621480706
