sample_name,1,2,3,4,5,6,7,,
RA21_17-28_1,2418,5018,14,3,0,0,0,,
RA21_17-31_1,154,68,61,40,1,0,0,,
RA21_17-39_1_2,0,1,1,689,4610,0,0,,
RA21_17-Asc,0,0,297,810,224,0,0,,
RA21_17-Asc3,0,6,2702,10,4,0,0,,
RA21_17-EUS56,0,0,2,0,0,1110,1295,,
,,,,,,,,11873,0.607687583
,,,,,,,,9468,0.484594124
,,,,,,,,19538,