,DRIVERS,PANEL_WIDE,CCF<0.005,CCF>=0.005,local_disease,metastatic_disease,TGFB_local_disease,TGFB_metastatic_disease,MAPK_local_disease,MAPK_metastatic_disease,DNA_DAMAGE_REPAIR_local_disease,DNA_DAMAGE_REPAIR_metastatic_disease
N,230.0,625.0,350.0,275.0,176.0,388.0,27.0,66.0,13.0,30.0,21.0,56.0
S,56.0,179.0,118.0,61.0,43.0,121.0,5.0,17.0,3.0,7.0,5.0,15.0
dN/dS,1.258075096319915,1.070025699634104,0.9089777638247676,1.3815610508718366,1.2543289168845695,0.9826833043436403,1.6546504446640315,1.1896179667519182,1.3214558968193246,1.3069344034476835,1.2089796614505608,1.074648587956054
