SAMPLE,clone_1,clone_2
MPAM01PT1,0.0,0.0957288096746604
MPAM01PT2,0.0299999999999995,0.3352188559043913
MPAM01PT3,0.0,0.2324628268440745
MPAM01PT4,0.0,0.3190620203599253
MPAM01PT5,0.5070722516691342,0.0
