SAMPLE,clone_1,clone_2,clone_3,clone_4
MPAM02PT1,0.0,0.4305215936833027,0.03,0.030757058438321
MPAM02PT2,0.0,0.1217016883267048,0.0,0.0
MPAM02PT3,0.0,0.7349771353967136,0.0,0.0
MPAM02PT4,0.0,0.0,0.03,0.6388457296603625
MPAM02PT5,0.0,0.0,0.0382006275545054,0.4006455006625447
MPAM02PT6,0.0,0.1790258708911307,0.0,0.0
MPAM02PT7,0.6257873223957724,0.0,0.0,0.0
MPAM02PT8,0.0,0.2606008072022997,0.2011424696561199,0.03
