SAMPLE,clone_1,clone_2
MPAM03PT1,0.0315739141375928,0.2415626648456728
MPAM03PT2,0.0757228545352807,0.1015116213798618
MPAM03PT3,0.0724572762462761,0.1521670057414444
MPAM03PT4,0.171627610654621,0.1600724347036823
MPAM03PT5,0.0764806427291093,0.1419317862232416
