SAMPLE,clone_1,clone_2,clone_3
MPAM06PT1,0.2331264135762107,0.0,0.0
MPAM06PT10,0.3134929583106113,0.0,0.0650341451834631
MPAM06PT2,0.2791815481005755,0.0,0.0
MPAM06PT3,0.2305473549929333,0.0,0.0
MPAM06PT4,0.0,0.5635151848144422,0.0743368424206201
MPAM06PT5,0.1288267587700404,0.0,0.0
MPAM06PT7,0.1875208394287133,0.0,0.0
MPAM06PT8,0.0,0.42284950435239,0.0448840172314937
MPAM06PT9,0.046403858809337,0.1761818333380018,0.03
