SAMPLE,clone_1
MPAM35PT2,0.3374778983347395
MPAM35PT3,0.355257607607768
MPAM35PT4,0.0995020373325517
MPAM35PT5,0.3708919592391508
MPAM35PT6,0.2836940305800541
MPAM35PT7,0.2120561197934365
MPAM35PT8,0.2783627934015427
