truncal_snvs,total_snvs,truncal_cnvs,total_cnvs,truncal_snv_density,truncal_snp_density
1,8,6,11,0.125,0.5454545454545454
2,2,5,6,1.0,0.8333333333333334
5,5,11,11,1.0,1.0
1,3,12,12,0.3333333333333333,1.0
2,5,0,19,0.4,0.0
5,5,9,11,1.0,0.8181818181818182
2,2,6,12,1.0,0.5
0,1,9,9,0.0,1.0
7,7,5,5,1.0,1.0
4,6,14,24,0.6666666666666666,0.5833333333333334
3,4,12,17,0.75,0.7058823529411765
4,4,17,17,1.0,1.0
2,2,6,9,1.0,0.6666666666666666
6,6,23,24,1.0,0.9583333333333334
5,5,8,12,1.0,0.6666666666666666
2,8,0,16,0.25,0.0
2,2,6,7,1.0,0.8571428571428571
1,3,5,5,0.3333333333333333,1.0
2,2,7,7,1.0,1.0
3,4,15,15,0.75,1.0
2,2,3,28,1.0,0.10714285714285714
1,1,7,7,1.0,1.0
0,0,11,11,,1.0
1,2,11,11,0.5,1.0
